Cluster	cluster	ID	Description	GeneRatio	BgRatio	pvalue	p.adjust	qvalue	geneID	Count
1	1	GOCC_MITOCHONDRION	GOCC_MITOCHONDRION	125/399	295/1958	2.73162828861101e-21	6.58868743212975e-18	6.21373550704041e-18	AURKAIP1/SLC27A3/SDHB/DARS2/ALDH4A1/FLVCR1/MRPL55/ATP5IF1/ACADM/CHCHD1/ACAD8/BBOX1/PDHX/AMBRA1/MRPL16/PLAAT3/BAD/KLC2/GSTP1/NDUFV1/SLC25A22/MTERF2/MMAB/HIP1R/YARS2/SUCLA2/CKB/L2HGDH/RMDN3/ETFA/MTHFS/IDH2/FAHD1/HAGH/NTHL1/TUFM/MRPL28/TRAP1/DNAJA3/RHOT2/MPG/ACSF3/PEMT/ATPAF2/COA3/SLC25A39/PDK2/ACSF2/ACADVL/FDXR/MRM3/SLC25A10/ACAA2/MRPL4/QTRT1/GPX4/ECSIT/STK11/ATP5F1D/NDUFS7/NDUFB7/SLC27A1/FKBP8/TIMM13/THOP1/C19orf12/ECH1/MRPS12/BCKDHA/TMEM143/ETFB/MICOS13/BSG/CLPP/ALKBH7/TIMM44/CHCHD5/PDK1/ABCB6/HADHB/NFU1/MTFP1/TST/GCAT/MIEF1/ACO2/SMDT1/TSPO/SCO2/TIMMDC1/ACAD11/PCCB/MRPS22/CMC1/CCDC51/SLC25A20/GPX1/PDHB/HADH/GATB/ETFDH/MAPK10/GFM2/ACAT2/MRPS18A/FASTK/TBRG4/MDH2/GPAA1/CYC1/LACTB2/MRPS28/DECR1/STOM/MIGA2/CRAT/ALDH1B1/ACSL4/SLC25A5/SLC25A6/IDH3G/CMC4/CA5BP1/PDHA1/GK	125
1	1	GOCC_MITOCHONDRIAL_MATRIX	GOCC_MITOCHONDRIAL_MATRIX	63/399	118/1958	1.96370802743424e-16	2.36823188108569e-13	2.23345949857125e-13	AURKAIP1/DARS2/ALDH4A1/MRPL55/ACADM/CHCHD1/ACAD8/PDHX/MRPL16/MTERF2/MMAB/YARS2/SUCLA2/ETFA/MTHFS/IDH2/FAHD1/HAGH/TUFM/MRPL28/TRAP1/DNAJA3/MPG/ACSF3/PDK2/ACSF2/ACADVL/FDXR/MRM3/ACAA2/MRPL4/ATP5F1D/NDUFS7/MRPS12/BCKDHA/ETFB/CLPP/ALKBH7/TIMM44/PDK1/HADHB/TST/ACO2/SMDT1/SCO2/PCCB/MRPS22/GPX1/PDHB/HADH/ETFDH/GFM2/MRPS18A/FASTK/TBRG4/MDH2/LACTB2/MRPS28/DECR1/ALDH1B1/SLC25A5/IDH3G/PDHA1	63
1	1	HALLMARK_OXIDATIVE_PHOSPHORYLATION	HALLMARK_OXIDATIVE_PHOSPHORYLATION	36/399	58/1958	2.32187281799231e-12	1.86678574566582e-09	1.76054988058996e-09	SDHB/ATP6V0B/ACADM/CASP7/PDHX/NDUFV1/SUCLA2/ETFA/IDH2/ATP6V0C/RHOT2/ACADVL/ACAA2/GPX4/ATP5F1D/NDUFS7/NDUFB7/TIMM13/ECH1/MRPS12/BCKDHA/ETFB/HADHB/ACO2/MRPS22/ACAA1/SLC25A20/PDHB/ETFDH/MDH2/CYC1/DECR1/SLC25A5/SLC25A6/IDH3G/PDHA1	36
1	1	GOCC_MITOCHONDRIAL_ENVELOPE	GOCC_MITOCHONDRIAL_ENVELOPE	64/399	148/1958	3.72683031435903e-11	2.24727867955849e-08	2.11938955508681e-08	AURKAIP1/SLC27A3/SDHB/FLVCR1/MRPL55/ACADM/CHCHD1/AMBRA1/MRPL16/PLAAT3/BAD/NDUFV1/SLC25A22/L2HGDH/RMDN3/TUFM/MRPL28/TRAP1/RHOT2/PEMT/COA3/SLC25A39/ACADVL/FDXR/SLC25A10/MRPL4/QTRT1/ECSIT/ATP5F1D/NDUFS7/NDUFB7/SLC27A1/FKBP8/TIMM13/THOP1/C19orf12/MRPS12/MICOS13/TIMM44/CHCHD5/ABCB6/HADHB/MTFP1/GCAT/MIEF1/SMDT1/TSPO/SCO2/TIMMDC1/ACAD11/MRPS22/CCDC51/SLC25A20/ETFDH/MRPS18A/CYC1/MRPS28/MIGA2/CRAT/ACSL4/SLC25A5/SLC25A6/CMC4/GK	64
1	1	GOBP_SMALL_MOLECULE_METABOLIC_PROCESS	GOBP_SMALL_MOLECULE_METABOLIC_PROCESS	111/399	332/1958	4.8625124520154e-10	2.34567600685223e-07	2.21218724395901e-07	SLC27A3/HSD17B7/SDHB/DARS2/ALDH4A1/GUK1/GALE/ATP5IF1/ACADM/IDI1/PFKFB3/SC5D/ACAD8/PDHX/NR1H3/TKFC/PLAAT3/BAD/TM7SF2/GSTP1/NDUFV1/TALDO1/MMAB/SCARB1/YARS2/RDH5/SUCLA2/L2HGDH/ITPK1/ETFA/MTHFS/IDH2/ABCC6/NME3/FAHD1/HAGH/NTHL1/MLST8/ATP6V0C/CLN3/MVD/APRT/ACSF3/CTNS/ACLY/ACBD4/PDK2/ACSF2/ACADVL/FDXR/GAA/RPTOR/SLC25A10/FASN/ACAA2/GPX4/STK11/ATP5F1D/FARSA/NDUFS7/GAMT/TECR/NDUFB7/ILVBL/SLC27A1/ECH1/BCKDHA/SIRT6/LIPE/NR1H2/ETFB/ALKBH7/PDK1/HADHB/AHCY/ACOT8/PDXK/PFKL/TST/GCAT/ACO2/TSPO/TYMP/ACAD11/PCCB/ACAA1/ABHD5/GPX1/PDHB/HADH/GATB/ETFDH/HMGCS1/HMGCR/ACAT2/IMPDH1/AKR1B1/MDH2/ASAH1/DECR1/CRAT/SLC2A6/ABCA2/GRHPR/ALDH1B1/ACSL4/IDH3G/G6PD/PDHA1/GK/EBP	111
4	4	GOBP_SMALL_MOLECULE_METABOLIC_PROCESS	GOBP_SMALL_MOLECULE_METABOLIC_PROCESS	94/317	332/1958	4.35876563658728e-10	1.07007696378218e-06	1.02040997639685e-06	SLC27A3/DARS2/ALDH4A1/GUK1/GALE/MECR/ACADM/PFKFB3/PANK1/ACAD8/NR1H3/BAD/TM7SF2/NDUFV1/DHCR7/TALDO1/PNPLA2/ACACB/MMAB/OAS1/ACADS/FAR2/GPD1/CSAD/RDH5/SUCLA2/DHRS4/L2HGDH/NME3/FAHD1/HAGH/NTHL1/MLST8/CLN3/VKORC1/DECR2/GPT2/CES2/LDHD/MVD/SHMT1/CTNS/ACLY/G6PC3/PDK2/ACADVL/GAA/RPTOR/SLC25A10/FASN/GPX4/ATP5F1D/NDUFB7/CYP4F12/PEPD/SARS2/BCKDHA/SIRT6/APOE/ETFB/IL1B/PDK1/PECR/MOGAT1/DTYMK/HADHA/ENTPD6/ACOT8/PCK1/UCKL1/PDXK/SLC19A1/SLC25A1/MPST/ALDH1L1/ACAD11/ACAA1/GLYCTK/HADH/NDUFS6/NQO2/BPHL/ME1/GPER1/INSIG1/NAPRT/SLC52A2/ASAH1/LPL/DECR1/ASS1/ABCD1/G6PD/PFKFB1	94
1	1	GOCC_ENVELOPE	GOCC_ENVELOPE	73/399	194/1958	3.34619872361318e-09	1.20839195759163e-06	1.13962425606856e-06	AURKAIP1/SLC27A3/SDHB/CACYBP/FLVCR1/MRPL55/ACADM/CHCHD1/AMBRA1/MRPL16/PLAAT3/BAD/TM7SF2/NDUFV1/SLC25A22/DHX37/L2HGDH/RMDN3/TUFM/MRPL28/TRAP1/RHOT2/PEMT/TMEM97/COA3/SLC25A39/ACADVL/FDXR/TMC6/SLC25A10/MRPL4/QTRT1/GPX4/ECSIT/ATP5F1D/NDUFS7/NDUFB7/SLC27A1/FKBP8/TIMM13/THOP1/C19orf12/MRPS12/MICOS13/TIMM44/CHCHD5/ABCB6/HADHB/THAP7/MTFP1/GCAT/MIEF1/SMDT1/TSPO/SCO2/TIMMDC1/ACAD11/MRPS22/CCDC51/SLC25A20/ETFDH/MRPS18A/INTS1/CYC1/MRPS28/MIGA2/CRAT/ACSL4/SLC25A5/SLC25A6/CMC4/GK/EBP	73
1	1	GOBP_ORGANIC_ACID_METABOLIC_PROCESS	GOBP_ORGANIC_ACID_METABOLIC_PROCESS	68/399	176/1958	3.50694183380655e-09	1.20839195759163e-06	1.13962425606856e-06	SLC27A3/SDHB/DARS2/ALDH4A1/ACADM/ACAD8/PDHX/NR1H3/GSTP1/YARS2/SUCLA2/L2HGDH/ETFA/MTHFS/IDH2/FAHD1/HAGH/MLST8/CLN3/ACSF3/CTNS/ACLY/ACBD4/PDK2/ACSF2/ACADVL/RPTOR/FASN/ACAA2/GPX4/FARSA/GAMT/TECR/ILVBL/SLC27A1/ECH1/BCKDHA/SIRT6/NR1H2/ETFB/ALKBH7/PDK1/HADHB/ACOT8/PFKL/TST/GCAT/ACO2/ACAD11/PCCB/ACAA1/ABHD5/GPX1/PDHB/HADH/GATB/ETFDH/ACAT2/AKR1B1/MDH2/ASAH1/DECR1/CRAT/SLC2A6/GRHPR/ACSL4/IDH3G/PDHA1	68
1	1	REACTOME_THE_CITRIC_ACID_TCA_CYCLE_AND_RESPIRATORY_ELECTRON_TRANSPORT	REACTOME_THE_CITRIC_ACID_TCA_CYCLE_AND_RESPIRATORY_ELECTRON_TRANSPORT	27/399	45/1958	4.57111919230806e-09	1.37819243648088e-06	1.2997616545497e-06	SDHB/PDHX/NDUFV1/SUCLA2/L2HGDH/ETFA/IDH2/FAHD1/HAGH/TRAP1/PDK2/ECSIT/ATP5F1D/NDUFS7/NDUFB7/ETFB/BSG/PDK1/ACO2/SCO2/TIMMDC1/PDHB/ETFDH/MDH2/CYC1/IDH3G/PDHA1	27
1	1	GOBP_MONOCARBOXYLIC_ACID_METABOLIC_PROCESS	GOBP_MONOCARBOXYLIC_ACID_METABOLIC_PROCESS	51/399	129/1958	1.80234534230383e-07	4.28502758740259e-05	4.04117335095444e-05	SLC27A3/ACADM/PDHX/NR1H3/GSTP1/ETFA/MTHFS/IDH2/FAHD1/HAGH/MLST8/ACSF3/ACLY/ACBD4/PDK2/ACSF2/ACADVL/RPTOR/FASN/ACAA2/GPX4/GAMT/TECR/ILVBL/SLC27A1/ECH1/SIRT6/NR1H2/ETFB/ALKBH7/PDK1/HADHB/ACOT8/PFKL/ACAD11/PCCB/ACAA1/ABHD5/GPX1/PDHB/HADH/ETFDH/ACAT2/AKR1B1/ASAH1/DECR1/CRAT/SLC2A6/GRHPR/ACSL4/PDHA1	51
1	1	HALLMARK_FATTY_ACID_METABOLISM	HALLMARK_FATTY_ACID_METABOLISM	28/399	54/1958	1.85710536377123e-07	4.28502758740259e-05	4.04117335095444e-05	HSD17B7/ALDH9A1/ACADM/IDI1/SUCLA2/NTHL1/ACADVL/FASN/ACAA2/ECH1/HADHB/ACOT8/ACO2/ACAA1/PDHB/HADH/ETFDH/SLC22A5/HMGCS1/ACAT2/MDH2/DECR1/CRAT/AQP7/GRHPR/ACSL4/IDH3G/PDHA1	28
1	1	REACTOME_PYRUVATE_METABOLISM_AND_CITRIC_ACID_TCA_CYCLE	REACTOME_PYRUVATE_METABOLISM_AND_CITRIC_ACID_TCA_CYCLE	15/399	20/1958	1.95419997767117e-07	4.28502758740259e-05	4.04117335095444e-05	SDHB/PDHX/SUCLA2/L2HGDH/IDH2/FAHD1/HAGH/PDK2/BSG/PDK1/ACO2/PDHB/MDH2/IDH3G/PDHA1	15
1	1	WP_METABOLIC_REPROGRAMMING_IN_COLON_CANCER	WP_METABOLIC_REPROGRAMMING_IN_COLON_CANCER	11/399	12/1958	2.20883157464416e-07	4.35402793923453e-05	4.10624700038658e-05	SDHB/TALDO1/IDH2/ACLY/FASN/PFKL/ACO2/PDHB/MDH2/G6PD/PDHA1	11
1	1	GOMF_OXIDOREDUCTASE_ACTIVITY	GOMF_OXIDOREDUCTASE_ACTIVITY	53/399	137/1958	2.34669830887433e-07	4.35402793923453e-05	4.10624700038658e-05	HSD17B7/ALDH9A1/SDHB/ALDH4A1/EGLN1/ACADM/SC5D/ACAD8/BBOX1/PDHX/TM7SF2/GSTP1/NDUFV1/RDH5/L2HGDH/ETFA/IDH2/MSRB1/ACADVL/FDXR/DUS1L/FASN/GPX4/NDUFS7/TECR/NDUFB7/BLVRB/BCKDHA/ALDH16A1/ETFB/ALKBH7/HADHB/SELENOM/SCO2/ACAD11/KCNAB1/ACAA1/GPX1/PDHB/HADH/ETFDH/HMGCR/IMPDH1/AKR1B1/MDH2/CYC1/DECR1/CRAT/GRHPR/ALDH1B1/IDH3G/G6PD/PDHA1	53
4	4	GOBP_ORGANIC_ACID_METABOLIC_PROCESS	GOBP_ORGANIC_ACID_METABOLIC_PROCESS	56/317	176/1958	4.60909311284013e-08	5.65766179601126e-05	5.39506478050339e-05	SLC27A3/DARS2/ALDH4A1/MECR/ACADM/ACAD8/NR1H3/ACACB/ACADS/GPD1/CSAD/SUCLA2/L2HGDH/FAHD1/HAGH/MLST8/CLN3/DECR2/GPT2/CES2/LDHD/SHMT1/CTNS/ACLY/PDK2/ACADVL/RPTOR/FASN/GPX4/CYP4F12/PEPD/SARS2/BCKDHA/SIRT6/ETFB/IL1B/PDK1/PECR/HADHA/ACOT8/PCK1/SLC19A1/MPST/ALDH1L1/ACAD11/ACAA1/HADH/BPHL/ME1/INSIG1/ASAH1/LPL/DECR1/ASS1/ABCD1/PFKFB1	56
1	1	GOCC_ORGANELLE_INNER_MEMBRANE	GOCC_ORGANELLE_INNER_MEMBRANE	44/399	107/1958	3.68754007529834e-07	6.3531047582997e-05	5.9915594757291e-05	AURKAIP1/SDHB/FLVCR1/MRPL55/CHCHD1/MRPL16/TM7SF2/NDUFV1/SLC25A22/L2HGDH/MRPL28/TRAP1/COA3/SLC25A39/ACADVL/FDXR/SLC25A10/MRPL4/ECSIT/ATP5F1D/NDUFS7/NDUFB7/SLC27A1/TIMM13/MRPS12/MICOS13/TIMM44/HADHB/MTFP1/GCAT/SMDT1/SCO2/TIMMDC1/ACAD11/MRPS22/CCDC51/SLC25A20/ETFDH/MRPS18A/CYC1/MRPS28/CRAT/SLC25A5/SLC25A6	44
1	1	GOCC_MITOCHONDRIAL_PROTEIN_CONTAINING_COMPLEX	GOCC_MITOCHONDRIAL_PROTEIN_CONTAINING_COMPLEX	30/399	62/1958	4.81692561328072e-07	7.74561638615541e-05	7.30482543880677e-05	AURKAIP1/SDHB/MRPL55/CHCHD1/PDHX/MRPL16/NDUFV1/MRPL28/PDK2/MRPL4/ATP5F1D/NDUFS7/NDUFB7/TIMM13/MRPS12/BCKDHA/MICOS13/TIMM44/PDK1/HADHB/SMDT1/MRPS22/PDHB/MRPS18A/CYC1/MRPS28/SLC25A5/SLC25A6/IDH3G/PDHA1	30
1	1	GOBP_ORGANONITROGEN_COMPOUND_BIOSYNTHETIC_PROCESS	GOBP_ORGANONITROGEN_COMPOUND_BIOSYNTHETIC_PROCESS	76/399	227/1958	5.58060902985839e-07	8.41276811251152e-05	7.93401060100262e-05	AURKAIP1/ALDH9A1/SDHB/DARS2/FLVCR1/MRPL55/GUK1/ATP5IF1/ACADM/CHCHD1/HMBS/ST3GAL4/BBOX1/PDHX/MRPL16/FAU/GSTP1/NDUFV1/RPLP2/YARS2/ZNF385A/SUCLA2/CKB/MTHFS/NME3/HAGH/ATP6V0C/CLN3/TUFM/MRPL28/TRAP1/PIGQ/APRT/ACSF3/PEMT/ACLY/COA3/SLC25A39/PDK2/MRPL4/ATP5F1D/FARSA/NDUFS7/GAMT/RPS15/TECR/NDUFB7/ILVBL/SLC27A1/OAZ1/MRPS12/RPL13A/AP2A1/RPL36/PDK1/ABCB6/ACOT8/PDXK/ASCC2/TSPO/PLXNB2/CHKB/MRPS22/PDHB/GATB/B4GALT7/GFM2/MRPS18A/IMPDH1/GPAA1/ASAH1/MRPS28/ST6GALNAC4/ABCA2/ACSL4/PDHA1	76
1	1	HALLMARK_ADIPOGENESIS	HALLMARK_ADIPOGENESIS	32/399	71/1958	1.48107671235105e-06	0.000210138648834749	0.000198179986092298	SDHB/ACADM/PFKFB3/TALDO1/SCARB1/ESYT1/COL4A1/RMDN3/PEMT/ACLY/SLC25A10/ACAA2/GPX4/NDUFB7/SLC27A1/ECH1/BCKDHA/LIPE/ETFB/PREB/SLC5A6/PFKL/TST/ACO2/HADH/MDH2/CYC1/DECR1/STOM/MIGA2/CRAT/IDH3G	32
1	1	GOBP_ORGANOPHOSPHATE_METABOLIC_PROCESS	GOBP_ORGANOPHOSPHATE_METABOLIC_PROCESS	62/399	179/1958	2.06174716933543e-06	0.000276274120690948	0.000260551791399641	SDHB/GUK1/ATP5IF1/IDI1/PFKFB3/PDHX/NR1H3/TKFC/PLAAT3/BAD/NDUFV1/TALDO1/SCARB1/SUCLA2/CKB/ITPK1/IDH2/ABCC6/NME3/NTHL1/MLST8/ATP6V0C/CLN3/PIGQ/MVD/APRT/ACSF3/PEMT/CTNS/ACLY/PDK2/ACSF2/RPTOR/GPX4/ATP5F1D/NDUFS7/TECR/NDUFB7/SLC27A1/SIRT6/NR1H2/PDK1/ACOT8/PDXK/PFKL/TSPO/TYMP/CHKB/PLCD1/ABHD5/PDHB/HMGCS1/HMGCR/IMPDH1/MDH2/GPAA1/SLC2A6/ABCA2/ACSL4/G6PD/PDHA1/GK	62
1	1	GOBP_FATTY_ACID_METABOLIC_PROCESS	GOBP_FATTY_ACID_METABOLIC_PROCESS	37/399	89/1958	2.47606921185105e-06	0.000314330470472881	0.000296442413673691	SLC27A3/ACADM/NR1H3/GSTP1/ETFA/ACSF3/ACLY/ACBD4/PDK2/ACSF2/ACADVL/FASN/ACAA2/GPX4/TECR/ILVBL/SLC27A1/ECH1/NR1H2/ETFB/ALKBH7/PDK1/HADHB/ACOT8/ACAD11/PCCB/ACAA1/ABHD5/GPX1/HADH/ETFDH/ACAT2/AKR1B1/ASAH1/DECR1/CRAT/ACSL4	37
1	1	WP_CHOLESTEROL_METABOLISM_WITH_BLOCH_AND_KANDUTSCHRUSSELL_PATHWAYS	WP_CHOLESTEROL_METABOLISM_WITH_BLOCH_AND_KANDUTSCHRUSSELL_PATHWAYS	13/399	18/1958	2.76634225754464e-06	0.000328023264998679	0.000309355972620296	HSD17B7/IDI1/SC5D/NR1H3/TM7SF2/MVD/FASN/NR1H2/HMGCS1/HMGCR/ACAT2/ACSL4/EBP	13
1	1	GOCC_CATALYTIC_COMPLEX	GOCC_CATALYTIC_COMPLEX	55/399	154/1958	2.87030492218117e-06	0.000328023264998679	0.000309355972620296	MIB2/SDHB/CACYBP/ATP6V0B/PDHX/AMBRA1/POLD4/NDUFV1/SUCLA2/ETFA/SPSB3/TRAF7/ATP6V0C/PIGQ/PDK2/ANAPC11/RAC3/QTRT1/POLR2E/STK11/ATP5F1D/FARSA/NDUFS7/NDUFB7/ILVBL/MBD3/BCKDHA/RUVBL2/ETFB/CLPP/GTF2F1/PDK1/HADHB/PSMA7/PFKL/ESS2/ASCC2/PCCB/PDHB/GATB/DDX41/NHP2/CCND3/ZNHIT1/POLD2/RHBDD2/GPAA1/CYC1/DECR1/FBXW5/PAXX/GRHPR/IDH3G/IKBKG/PDHA1	55
1	1	REACTOME_METABOLISM_OF_LIPIDS	REACTOME_METABOLISM_OF_LIPIDS	49/399	132/1958	2.99192032751697e-06	0.000328023264998679	0.000309355972620296	SLC27A3/HSD17B7/ACADM/IDI1/SC5D/NR1H3/PLAAT3/TM7SF2/ESYT1/MVD/ACSF3/PEMT/ACLY/ACBD4/ACSF2/ACADVL/FDXR/FASN/ACAA2/GPX4/TECR/SLC27A1/LIPE/NR1H2/HADHB/ACOT8/TSPO/CHKB/ACAD11/PCCB/ACAA1/ABHD5/SLC25A20/GPX1/CIDEC/HADH/SLC22A5/HMGCS1/HMGCR/ACAT2/ACHE/AKR1B1/ASAH1/DECR1/MIGA2/CRAT/ACSL4/GK/EBP	49
1	1	GOBP_GENERATION_OF_PRECURSOR_METABOLITES_AND_ENERGY	GOBP_GENERATION_OF_PRECURSOR_METABOLITES_AND_ENERGY	37/399	90/1958	3.42181177186281e-06	0.000358843912771004	0.000338422665400253	SDHB/ALDH4A1/ATP5IF1/ACADM/NDUFV1/TALDO1/SLC25A22/SUCLA2/ETFA/IDH2/MLST8/TRAP1/ACLY/ACADVL/FDXR/GAA/RPTOR/ATP5F1D/NDUFS7/NDUFB7/SIRT6/GIPR/NOP53/ETFB/CHCHD5/PFKL/ACO2/SCO2/PDHB/ETFDH/AKR1B1/MDH2/CYC1/SLC2A6/IDH3G/G6PD/PDHA1	37
4	4	GOCC_MITOCHONDRION	GOCC_MITOCHONDRION	78/317	295/1958	6.45753741039884e-07	0.000528441811417638	0.000503914498271123	TDRKH/SLC27A3/DARS2/ALDH4A1/MRPL55/MECR/ACADM/ACAD8/MRPL23/BBOX1/AMBRA1/BAD/PRDX5/NDUFV1/MTERF2/ACACB/MMAB/OAS1/COX6A1/ACADS/SUCLA2/CKB/DHRS4/L2HGDH/FAHD1/HAGH/NTHL1/GPT2/RHOT2/LDHD/PEMT/MIEF2/SLC25A39/PDK2/ACADVL/MRM3/SLC25A10/BCL2/QTRT1/GPX4/ATP5F1D/NDUFB7/SARS2/BCKDHA/TICAM1/ETFB/BSG/TIMM44/CHCHD5/PDK1/PECR/DTYMK/HADHA/MTG2/CFAP410/SLC25A18/SLC25A1/MPST/MIEF1/TIMMDC1/ACAD11/GLYCTK/HADH/NDUFS6/CKMT2/BPHL/ME1/GPER1/TBRG4/GPAA1/MRPS28/DECR1/ASS1/MRPL41/PGRMC1/ABCD1/CA5BP1/CA5B	78
1	1	KEGG_VALINE_LEUCINE_AND_ISOLEUCINE_DEGRADATION	KEGG_VALINE_LEUCINE_AND_ISOLEUCINE_DEGRADATION	12/399	17/1958	1.009440441229e-05	0.00101448764343514	0.000956754733989416	ALDH9A1/ACADM/ACAD8/ACAA2/BCKDHA/HADHB/PCCB/ACAA1/HADH/HMGCS1/ACAT2/ALDH1B1	12
4	4	GOBP_ORGANOPHOSPHATE_METABOLIC_PROCESS	GOBP_ORGANOPHOSPHATE_METABOLIC_PROCESS	52/317	179/1958	3.79600906137913e-06	0.0018162820146297	0.00173198036254109	GUK1/PFKFB3/PANK1/NR1H3/BAD/NDUFV1/TALDO1/ACACB/FAR2/GPD1/SUCLA2/CKB/TTC7B/NME3/NTHL1/MLST8/CLN3/MVD/PEMT/SHMT1/CTNS/ACLY/G6PC3/PDK2/RPTOR/PCYT2/GPX4/ATP5F1D/NDUFB7/SIRT6/PDK1/DTYMK/HADHA/ENTPD6/ACOT8/UCKL1/PDXK/SLC25A1/ALDH1L1/GLYCTK/GPAT3/NDUFS6/CKMT2/ME1/GPER1/NAPRT/GPAA1/LPL/AGPAT2/ABCD1/G6PD/PFKFB1	52
4	4	GOBP_SMALL_MOLECULE_BIOSYNTHETIC_PROCESS	GOBP_SMALL_MOLECULE_BIOSYNTHETIC_PROCESS	38/317	116/1958	4.08728154571622e-06	0.0018162820146297	0.00173198036254109	MECR/ACADM/NR1H3/TM7SF2/DHCR7/ACACB/GPD1/CSAD/SUCLA2/CLN3/DECR2/MVD/SHMT1/ACLY/G6PC3/PDK2/ACADVL/SLC25A10/FASN/GPX4/SIRT6/APOE/IL1B/PECR/DTYMK/ACOT8/PCK1/UCKL1/PDXK/SLC25A1/GPER1/INSIG1/ASAH1/LPL/ASS1/ABCD1/G6PD/PFKFB1	38
4	4	GOBP_SMALL_MOLECULE_CATABOLIC_PROCESS	GOBP_SMALL_MOLECULE_CATABOLIC_PROCESS	30/317	83/1958	4.91358074125196e-06	0.0018162820146297	0.00173198036254109	ALDH4A1/GALE/ACADM/ACAD8/BAD/ACACB/ACADS/CSAD/HAGH/DECR2/GPT2/LDHD/SHMT1/ACADVL/CYP4F12/BCKDHA/APOE/ETFB/HADHA/ACOT8/PCK1/MPST/ALDH1L1/ACAD11/ACAA1/GLYCTK/HADH/NQO2/DECR1/ABCD1	30
4	4	GOMF_OXIDOREDUCTASE_ACTIVITY_ACTING_ON_THE_CH_CH_GROUP_OF_DONORS	GOMF_OXIDOREDUCTASE_ACTIVITY_ACTING_ON_THE_CH_CH_GROUP_OF_DONORS	13/317	22/1958	5.17880818835353e-06	0.0018162820146297	0.00173198036254109	MECR/ACADM/ACAD8/TM7SF2/DHCR7/ACADS/DECR2/ACADVL/FASN/PECR/ACAD11/ACAA1/DECR1	13
1	1	KEGG_CITRATE_CYCLE_TCA_CYCLE	KEGG_CITRATE_CYCLE_TCA_CYCLE	9/399	11/1958	2.08465155451047e-05	0.00197892775107627	0.00186631005938545	SDHB/SUCLA2/IDH2/ACLY/ACO2/PDHB/MDH2/IDH3G/PDHA1	9
1	1	GOBP_CELLULAR_LIPID_METABOLIC_PROCESS	GOBP_CELLULAR_LIPID_METABOLIC_PROCESS	56/399	167/1958	2.13806128613887e-05	0.00197892775107627	0.00186631005938545	SLC27A3/ACADM/IDI1/ST3GAL4/NR1H3/PLAAT3/GSTP1/SCARB1/RDH5/ETFA/CLN3/PIGQ/MVD/ACSF3/LMF1/PEMT/ACLY/ACBD4/PDK2/ACSF2/ACADVL/FASN/ACAA2/GPX4/TECR/ILVBL/SLC27A1/ECH1/LIPE/NR1H2/ETFB/ALKBH7/PDK1/HADHB/ACOT8/CHKB/ACAD11/PCCB/PLCD1/ACAA1/ABHD5/GPX1/HADH/ETFDH/HMGCS1/HMGCR/ACAT2/AKR1B1/GPAA1/ASAH1/DECR1/ST6GALNAC4/CRAT/ABCA2/ACSL4/GK	56
1	1	GOBP_CELLULAR_RESPIRATION	GOBP_CELLULAR_RESPIRATION	22/399	46/1958	2.21810020367416e-05	0.00197892775107627	0.00186631005938545	SDHB/NDUFV1/SLC25A22/SUCLA2/ETFA/IDH2/TRAP1/ACLY/ATP5F1D/NDUFS7/NDUFB7/NOP53/ETFB/CHCHD5/ACO2/SCO2/PDHB/ETFDH/MDH2/CYC1/IDH3G/PDHA1	22
1	1	GOBP_MITOCHONDRIAL_GENE_EXPRESSION	GOBP_MITOCHONDRIAL_GENE_EXPRESSION	19/399	37/1958	2.30313173787411e-05	0.00197892775107627	0.00186631005938545	AURKAIP1/DARS2/MRPL55/CHCHD1/MRPL16/MTERF2/YARS2/TUFM/MRPL28/COA3/MRPL4/MRPS12/MRPS22/GATB/GFM2/MRPS18A/FASTK/TBRG4/MRPS28	19
1	1	GOBP_RIBOSE_PHOSPHATE_METABOLIC_PROCESS	GOBP_RIBOSE_PHOSPHATE_METABOLIC_PROCESS	36/399	93/1958	2.37930782675007e-05	0.00197892775107627	0.00186631005938545	SDHB/GUK1/ATP5IF1/PDHX/BAD/NDUFV1/SUCLA2/ABCC6/NME3/MLST8/ATP6V0C/MVD/APRT/ACSF3/CTNS/ACLY/PDK2/ACSF2/RPTOR/ATP5F1D/NDUFS7/TECR/NDUFB7/SIRT6/PDK1/ACOT8/PFKL/TSPO/PDHB/HMGCS1/HMGCR/IMPDH1/SLC2A6/ACSL4/G6PD/PDHA1	36
1	1	GOMF_ADENYL_NUCLEOTIDE_BINDING	GOMF_ADENYL_NUCLEOTIDE_BINDING	70/399	224/1958	2.81861328764807e-05	0.00226616508326905	0.00213720116302017	SLC27A3/DARS2/GUK1/PFKFB3/TKFC/TM7SF2/NDUFV1/MMAB/DDX54/DHX37/YARS2/SUCLA2/CKB/HSPA2/ITPK1/DNAJA4/MTHFS/IDH2/ABCC6/NME3/NUBP2/TRAP1/DNAJA3/PSKH1/MVD/APRT/ACSF3/MYO1C/ACLY/ACBD4/PDK2/ACSF2/ACADVL/TYK2/STK11/ATP5F1D/FARSA/DDX49/ATP13A1/PAK4/SIRT6/RUVBL2/TIMM44/PDK1/ABCB6/ATP9A/PDXK/PFKL/MIEF1/CHKB/PCCB/KCNAB1/TWF2/HADH/GATB/MAPK10/SLC22A5/RAD50/SIL1/DDX41/HMGCR/FASTK/DECR1/ABCA2/GRHPR/ALDH1B1/ACSL4/IDH3G/G6PD/GK	70
1	1	REACTOME_FATTY_ACID_METABOLISM	REACTOME_FATTY_ACID_METABOLISM	23/399	50/1958	3.18357363469565e-05	0.00247702567964061	0.00233606201174102	SLC27A3/ACADM/ACSF3/ACLY/ACBD4/ACSF2/ACADVL/FASN/ACAA2/GPX4/TECR/HADHB/ACOT8/ACAD11/PCCB/ACAA1/SLC25A20/GPX1/HADH/SLC22A5/DECR1/CRAT/ACSL4	23
1	1	GOBP_AMIDE_METABOLIC_PROCESS	GOBP_AMIDE_METABOLIC_PROCESS	51/399	150/1958	3.41009254121081e-05	0.00257035725293765	0.00242408223077518	AURKAIP1/DARS2/ALDH4A1/MRPL55/CHCHD1/PDHX/MRPL16/PLAAT3/FAU/RPLP2/YARS2/ZNF385A/SUCLA2/MTHFS/HAGH/MLST8/TUFM/MRPL28/TRAP1/MVD/ACSF3/PEMT/ACLY/COA3/PDK2/ACSF2/RPTOR/MRPL4/FARSA/RPS15/TECR/THOP1/MRPS12/RPL13A/RPL36/PDK1/ACOT8/ASCC2/PLXNB2/MRPS22/PDHB/GATB/HMGCS1/GFM2/MRPS18A/ASAH1/MRPS28/ST6GALNAC4/ABCA2/ACSL4/PDHA1	51
1	1	GOBP_ENERGY_DERIVATION_BY_OXIDATION_OF_ORGANIC_COMPOUNDS	GOBP_ENERGY_DERIVATION_BY_OXIDATION_OF_ORGANIC_COMPOUNDS	25/399	57/1958	3.93094769587334e-05	0.00287316540680197	0.00270965804490663	SDHB/ACADM/NDUFV1/SLC25A22/SUCLA2/ETFA/IDH2/TRAP1/ACLY/ACADVL/GAA/ATP5F1D/NDUFS7/NDUFB7/NOP53/ETFB/CHCHD5/ACO2/SCO2/PDHB/ETFDH/MDH2/CYC1/IDH3G/PDHA1	25
1	1	GOBP_AMIDE_BIOSYNTHETIC_PROCESS	GOBP_AMIDE_BIOSYNTHETIC_PROCESS	39/399	106/1958	4.26457980628752e-05	0.0030253430861075	0.00285317552984128	AURKAIP1/DARS2/MRPL55/CHCHD1/PDHX/MRPL16/FAU/RPLP2/YARS2/ZNF385A/HAGH/TUFM/MRPL28/TRAP1/ACSF3/PEMT/ACLY/COA3/PDK2/MRPL4/FARSA/RPS15/TECR/MRPS12/RPL13A/RPL36/PDK1/ASCC2/PLXNB2/MRPS22/PDHB/GATB/GFM2/MRPS18A/ASAH1/MRPS28/ST6GALNAC4/ACSL4/PDHA1	39
4	4	GOBP_ORGANIC_ACID_CATABOLIC_PROCESS	GOBP_ORGANIC_ACID_CATABOLIC_PROCESS	24/317	62/1958	1.20148890161827e-05	0.00368706906684107	0.00351593594368294	ALDH4A1/ACADM/ACAD8/ACACB/ACADS/CSAD/DECR2/GPT2/LDHD/SHMT1/ACADVL/CYP4F12/BCKDHA/ETFB/HADHA/ACOT8/PCK1/MPST/ALDH1L1/ACAD11/ACAA1/HADH/DECR1/ABCD1	24
1	1	GOBP_SECONDARY_ALCOHOL_METABOLIC_PROCESS	GOBP_SECONDARY_ALCOHOL_METABOLIC_PROCESS	19/399	39/1958	5.95991971488802e-05	0.00410723610065997	0.00387349970041294	HSD17B7/IDI1/SC5D/TM7SF2/SCARB1/IDH2/MVD/ACLY/ACADVL/FDXR/ACAA2/LIPE/ACO2/HMGCS1/HMGCR/ABCA2/IDH3G/G6PD/EBP	19
4	4	HALLMARK_ADIPOGENESIS	HALLMARK_ADIPOGENESIS	26/317	71/1958	1.67267913206467e-05	0.0043357546623907	0.00413451318218755	ACADM/PFKFB3/DHCR7/TALDO1/COX6A1/ACADS/ITGA7/ESYT1/PEMT/ACLY/SLC25A10/GPX4/NDUFB7/BCKDHA/APOE/ETFB/ANGPTL4/PREB/SLC5A6/SLC19A1/SLC25A1/HADH/ME1/LPL/FABP4/DECR1	26
4	4	REACTOME_METABOLISM_OF_LIPIDS	REACTOME_METABOLISM_OF_LIPIDS	40/317	132/1958	1.94190940376737e-05	0.0043357546623907	0.00413451318218755	SLC27A3/MECR/ACADM/NR1H3/TM7SF2/DHCR7/PNPLA2/ACACB/ACADS/FAR2/GPD1/ESYT1/DECR2/MVD/PEMT/ACLY/ACADVL/PCYT2/FASN/GPX4/ANGPTL4/MED16/PECR/MOGAT1/HADHA/ACOT8/SLC25A1/ACAD11/ACAA1/CIDEC/HADH/GPAT3/ME1/ACHE/INSIG1/ASAH1/FABP4/DECR1/AGPAT2/ABCD1	40
4	4	GOBP_LIPID_METABOLIC_PROCESS	GOBP_LIPID_METABOLIC_PROCESS	59/317	223/1958	2.11147338704598e-05	0.0043357546623907	0.00413451318218755	SLC27A3/MECR/ACADM/ST3GAL4/ACAD8/PDE3B/AMBRA1/NR1H3/TM7SF2/DHCR7/PNPLA2/ACACB/ACADS/FAR2/GPD1/RDH5/DHRS4/TTC7B/MLST8/CLN3/DECR2/CES2/MVD/PEMT/DHRS11/ACLY/PDK2/ACADVL/RPTOR/PCYT2/FASN/GPX4/ANGPTL8/CYP4F12/SIRT6/APOE/ETFB/ANGPTL4/IL1B/PDK1/PECR/MOGAT1/HADHA/ACOT8/PCK1/SLC25A1/ACAD11/ACAA1/HADH/GPAT3/GPER1/INSIG1/GPAA1/ASAH1/LPL/DECR1/AGPAT2/ABCD1/G6PD	59
4	4	GOMF_OXIDOREDUCTASE_ACTIVITY	GOMF_OXIDOREDUCTASE_ACTIVITY	41/317	137/1958	2.11930981461052e-05	0.0043357546623907	0.00413451318218755	ALDH4A1/MECR/ACADM/ACAD8/BBOX1/PRDX5/TM7SF2/NDUFV1/DHCR7/COX6A1/ACADS/FAR2/GPD1/RDH5/DHRS4/L2HGDH/MSRB1/VKORC1/DECR2/LDHD/DHRS11/ACADVL/FASN/GPX4/PRDX2/NDUFB7/CYP4F12/BCKDHA/ETFB/PECR/HADHA/ALDH1L1/ACAD11/KCNAB1/ACAA1/HADH/NDUFS6/NQO2/ME1/DECR1/G6PD	41
1	1	GOMF_OXIDOREDUCTASE_ACTIVITY_ACTING_ON_THE_CH_CH_GROUP_OF_DONORS	GOMF_OXIDOREDUCTASE_ACTIVITY_ACTING_ON_THE_CH_CH_GROUP_OF_DONORS	13/399	22/1958	7.14351149601836e-05	0.00465679722389089	0.00439178615729607	SDHB/ACADM/ACAD8/TM7SF2/ACADVL/DUS1L/FASN/TECR/BLVRB/ACAD11/ACAA1/DECR1/CRAT	13
1	1	HALLMARK_CHOLESTEROL_HOMEOSTASIS	HALLMARK_CHOLESTEROL_HOMEOSTASIS	13/399	22/1958	7.14351149601836e-05	0.00465679722389089	0.00439178615729607	HSD17B7/IDI1/SC5D/TM7SF2/MVD/TMEM97/FASN/ECH1/HMGCS1/HMGCR/ACAT2/ABCA2/EBP	13
1	1	GOBP_SMALL_MOLECULE_CATABOLIC_PROCESS	GOBP_SMALL_MOLECULE_CATABOLIC_PROCESS	32/399	83/1958	7.59500453552082e-05	0.00482082919465164	0.00454648332444889	ALDH4A1/GALE/ACADM/ACAD8/TKFC/BAD/SCARB1/ETFA/MTHFS/HAGH/ACSF3/ACADVL/ACAA2/ILVBL/ECH1/BCKDHA/ETFB/HADHB/ACOT8/PFKL/TST/GCAT/ACAD11/PCCB/ACAA1/HADH/ETFDH/ACAT2/DECR1/CRAT/ALDH1B1/GK	32
1	1	GOMF_RNA_BINDING	GOMF_RNA_BINDING	55/399	170/1958	8.1148819366236e-05	0.00501874236695798	0.00473313356681339	DARS2/LSM10/CASP7/CHCHD1/SELENOH/MRPL16/FAU/DDX54/DHX37/YARS2/ZNF385A/TBL3/FLYWCH2/TUFM/THOC6/MRPL28/TRAP1/CFAP20/CLUH/CDC42EP4/MRM3/FASN/ACAA2/MRPL4/RAVER1/FARSA/RPS15/DDX49/MRPS12/SIRT6/NOP53/RPL13A/RPL36/GTF2F1/HADHB/RBM38/CSTB/TRMT2A/TST/RPS19BP1/TWF2/DDX41/NHP2/MRPS18A/C7orf50/IMPDH1/FASTK/TBRG4/MDH2/PUF60/BOP1/LACTB2/MRPS28/SLC25A5/RBM10	55
1	1	GOMF_LIGASE_ACTIVITY	GOMF_LIGASE_ACTIVITY	14/399	25/1958	8.40257678398043e-05	0.0050667538007402	0.00477841274478466	SLC27A3/DARS2/YARS2/SUCLA2/MTHFS/ATP6V0C/ACSF3/ACSF2/ATP5F1D/FARSA/SLC27A1/PCCB/GATB/ACSL4	14
1	1	GOBP_LIPID_METABOLIC_PROCESS	GOBP_LIPID_METABOLIC_PROCESS	68/399	223/1958	9.11493216129556e-05	0.00536224789586461	0.00505709073185102	SLC27A3/HSD17B7/ACADM/IDI1/SC5D/ST3GAL4/ACAD8/AMBRA1/NR1H3/PLAAT3/TM7SF2/GSTP1/SCARB1/RDH5/ETFA/MLST8/CLN3/PIGQ/MVD/ACSF3/LMF1/PEMT/ACLY/ACBD4/PDK2/ACSF2/ACADVL/FDXR/RPTOR/FASN/ACAA2/GPX4/TECR/ILVBL/SLC27A1/ECH1/SIRT6/LIPE/NR1H2/ETFB/ALKBH7/PDK1/HADHB/ACOT8/TSPO/CHKB/ACAD11/PCCB/PLCD1/ACAA1/ABHD5/GPX1/HADH/ETFDH/HMGCS1/HMGCR/ACAT2/AKR1B1/GPAA1/ASAH1/DECR1/ST6GALNAC4/CRAT/ABCA2/ACSL4/G6PD/GK/EBP	68
1	1	GOMF_PURINE_NUCLEOTIDE_BINDING	GOMF_PURINE_NUCLEOTIDE_BINDING	78/399	265/1958	9.94810902090074e-05	0.00571305689486014	0.00538793573788634	SLC27A3/DARS2/GUK1/PFKFB3/TKFC/TM7SF2/NDUFV1/MMAB/DDX54/DHX37/YARS2/SUCLA2/CKB/HSPA2/ITPK1/DNAJA4/MTHFS/IDH2/ABCC6/NME3/NUBP2/TUFM/TRAP1/DNAJA3/RHOT2/PSKH1/MVD/APRT/ACSF3/MYO1C/RASD1/ACLY/RAB5C/ACBD4/PDK2/ACSF2/ACADVL/RAC3/TYK2/STK11/ATP5F1D/FARSA/DDX49/ATP13A1/PAK4/SIRT6/RUVBL2/TIMM44/RAB11B/PDK1/ABCB6/ATP9A/PDXK/PFKL/MIEF1/CHKB/PCCB/KCNAB1/TWF2/HADH/GATB/MAPK10/SLC22A5/RAD50/SIL1/DDX41/GFM2/HMGCR/FASTK/DECR1/RABL6/ABCA2/GRHPR/ALDH1B1/ACSL4/IDH3G/G6PD/GK	78
1	1	GOBP_PURINE_CONTAINING_COMPOUND_METABOLIC_PROCESS	GOBP_PURINE_CONTAINING_COMPOUND_METABOLIC_PROCESS	39/399	110/1958	0.000111003855665101	0.00622654185730754	0.00587219907202653	SDHB/GUK1/ATP5IF1/PDHX/BAD/NDUFV1/TALDO1/SUCLA2/IDH2/ABCC6/NME3/MLST8/ATP6V0C/MVD/APRT/ACSF3/CTNS/ACLY/PDK2/ACSF2/RPTOR/ATP5F1D/NDUFS7/TECR/NDUFB7/SIRT6/PDK1/ACOT8/PFKL/TSPO/PDHB/HMGCS1/HMGCR/IMPDH1/MDH2/SLC2A6/ACSL4/G6PD/PDHA1	39
4	4	WP_CLEAR_CELL_RENAL_CELL_CARCINOMA_PATHWAYS	WP_CLEAR_CELL_RENAL_CELL_CARCINOMA_PATHWAYS	10/317	16/1958	3.48208591563935e-05	0.00657578532530354	0.00627057415091653	ACACB/TSC2/MLST8/LDHD/SHMT1/ACLY/RPTOR/FASN/CAMK1/ME1	10
1	1	GOBP_MITOCHONDRIAL_TRANSPORT	GOBP_MITOCHONDRIAL_TRANSPORT	14/399	26/1958	0.000148659163249375	0.00814922503994301	0.00768546535363396	FLVCR1/ATP5IF1/BAD/HIP1R/RHOT2/SLC25A10/ACAA2/TIMM13/ALKBH7/TIMM44/TSPO/SLC25A20/SLC25A5/SLC25A6	14
1	1	GOCC_OXIDOREDUCTASE_COMPLEX	GOCC_OXIDOREDUCTASE_COMPLEX	15/399	29/1958	0.000156108213700937	0.00827210771846274	0.00780135497058479	SDHB/PDHX/NDUFV1/ETFA/PDK2/RAC3/NDUFS7/NDUFB7/BCKDHA/ETFB/PDK1/PDHB/CYC1/IDH3G/PDHA1	15
1	1	GOBP_MITOCHONDRIAL_TRANSLATION	GOBP_MITOCHONDRIAL_TRANSLATION	16/399	32/1958	0.000157759931612474	0.00827210771846274	0.00780135497058479	AURKAIP1/DARS2/MRPL55/CHCHD1/MRPL16/YARS2/TUFM/MRPL28/COA3/MRPL4/MRPS12/MRPS22/GATB/GFM2/MRPS18A/MRPS28	16
1	1	GOBP_TETRAPYRROLE_METABOLIC_PROCESS	GOBP_TETRAPYRROLE_METABOLIC_PROCESS	9/399	13/1958	0.000182547799148054	0.00936819769244907	0.00883506817377256	FLVCR1/ATP5IF1/HMBS/MMAB/SUCLA2/SLC25A39/BLVRB/ABCB6/TSPO	9
4	4	GOBP_MONOCARBOXYLIC_ACID_METABOLIC_PROCESS	GOBP_MONOCARBOXYLIC_ACID_METABOLIC_PROCESS	38/317	129/1958	6.48371861456588e-05	0.010639101013351	0.0101452934521138	SLC27A3/MECR/ACADM/NR1H3/ACACB/ACADS/GPD1/FAHD1/HAGH/MLST8/DECR2/CES2/LDHD/ACLY/PDK2/ACADVL/RPTOR/FASN/GPX4/CYP4F12/SIRT6/ETFB/IL1B/PDK1/PECR/HADHA/ACOT8/PCK1/ACAD11/ACAA1/HADH/ME1/INSIG1/ASAH1/LPL/DECR1/ABCD1/PFKFB1	38
4	4	GOBP_DICARBOXYLIC_ACID_METABOLIC_PROCESS	GOBP_DICARBOXYLIC_ACID_METABOLIC_PROCESS	12/317	23/1958	6.6220750880352e-05	0.010639101013351	0.0101452934521138	ALDH4A1/SUCLA2/L2HGDH/GPT2/SHMT1/ACLY/ACOT8/PCK1/SLC19A1/ALDH1L1/ME1/ASS1	12
4	4	GOBP_FATTY_ACID_METABOLIC_PROCESS	GOBP_FATTY_ACID_METABOLIC_PROCESS	29/317	89/1958	6.93383365432241e-05	0.010639101013351	0.0101452934521138	SLC27A3/MECR/ACADM/NR1H3/ACACB/ACADS/DECR2/CES2/ACLY/PDK2/ACADVL/FASN/GPX4/CYP4F12/ETFB/IL1B/PDK1/PECR/HADHA/ACOT8/PCK1/ACAD11/ACAA1/HADH/INSIG1/ASAH1/LPL/DECR1/ABCD1	29
1	1	GOBP_FATTY_ACID_BETA_OXIDATION	GOBP_FATTY_ACID_BETA_OXIDATION	15/399	30/1958	0.000254842846233184	0.0124341194203615	0.0117265130782059	ACADM/ETFA/ACADVL/ACAA2/ECH1/ETFB/HADHB/ACOT8/ACAD11/ACAA1/HADH/ETFDH/ACAT2/DECR1/CRAT	15
1	1	GOBP_PORPHYRIN_CONTAINING_COMPOUND_METABOLIC_PROCESS	GOBP_PORPHYRIN_CONTAINING_COMPOUND_METABOLIC_PROCESS	8/399	11/1958	0.000257755377702352	0.0124341194203615	0.0117265130782059	FLVCR1/ATP5IF1/HMBS/SUCLA2/SLC25A39/BLVRB/ABCB6/TSPO	8
1	1	WP_METABOLIC_REPROGRAMMING_IN_PANCREATIC_CANCER	WP_METABOLIC_REPROGRAMMING_IN_PANCREATIC_CANCER	8/399	11/1958	0.000257755377702352	0.0124341194203615	0.0117265130782059	PDHX/ACLY/FASN/BCKDHA/PFKL/PDHB/HMGCR/PDHA1	8
1	1	GOBP_ORGANOPHOSPHATE_BIOSYNTHETIC_PROCESS	GOBP_ORGANOPHOSPHATE_BIOSYNTHETIC_PROCESS	35/399	99/1958	0.000271151261387835	0.0128238596562247	0.0120940738051416	SDHB/GUK1/IDI1/PDHX/PLAAT3/NDUFV1/CKB/NME3/ATP6V0C/CLN3/PIGQ/MVD/APRT/ACSF3/PEMT/ACLY/PDK2/ATP5F1D/NDUFS7/TECR/NDUFB7/SLC27A1/PDK1/PDXK/CHKB/ABHD5/PDHB/HMGCS1/IMPDH1/GPAA1/ABCA2/ACSL4/G6PD/PDHA1/GK	35
5	5	GOBP_NUCLEOSIDE_BISPHOSPHATE_BIOSYNTHETIC_PROCESS	GOBP_NUCLEOSIDE_BISPHOSPHATE_BIOSYNTHETIC_PROCESS	10/234	19/1958	1.71538975243561e-05	0.0153607617244737	0.0151246994267904	PANK4/PANK1/PDHX/ACACB/MLYCD/ACSF3/PDK2/GCDH/TECR/ACSL4	10
5	5	GOCC_MITOCHONDRIAL_MATRIX	GOCC_MITOCHONDRIAL_MATRIX	30/234	118/1958	2.2838013994416e-05	0.0153607617244737	0.0151246994267904	MRPL55/MECR/ACAD8/MRPL23/PDHX/YARS2/CARS2/ETFA/MRPS11/MRPL46/HAGH/TRAP1/MLYCD/ACSF3/PDK2/ACSF2/ACADVL/FDXR/GCDH/MRPL34/SARS2/LONP1/MAIP1/D2HGDH/MRPS22/HADH/TBRG4/LACTB2/CA5B/HSD17B10	30
5	5	GOMF_ADENYL_NUCLEOTIDE_BINDING	GOMF_ADENYL_NUCLEOTIDE_BINDING	47/234	224/1958	2.73867651875255e-05	0.0153607617244737	0.0151246994267904	ATP13A2/NADK/GUK1/PANK4/PANK1/DGKZ/TKFC/NDUFV1/DHCR7/ACACB/DDX54/YARS2/CARS2/CSK/CLCN7/ABCC6/SRCAP/TRAP1/MVD/ACSF3/MYO1C/PDK2/ACSF2/ACADVL/GCDH/DDX49/SARS2/MAP3K10/DMPK/RUVBL2/LONP1/ACTG2/SGK2/PDXK/PFKL/MYLK/KCNAB1/TNK2/HADH/GATB/HPGD/SLC22A5/SIL1/POR/PTK2B/ABCA2/ACSL4	47
5	5	GOBP_SMALL_MOLECULE_METABOLIC_PROCESS	GOBP_SMALL_MOLECULE_METABOLIC_PROCESS	63/234	332/1958	2.7838660290001e-05	0.0153607617244737	0.0151246994267904	NADK/GUK1/PANK4/MECR/DPYSL4/PHYH/PANK1/SC5D/ACAD8/PDHX/NR1H3/TKFC/NDUFV1/DHCR7/UCP2/TALDO1/ACACB/NCOR2/YARS2/CSAD/CARS2/NUDT14/ETFA/ABCC6/HAGH/CLN3/MLYCD/MVD/ACSF3/PDK2/ACSF2/ACADVL/FDXR/SLC25A10/GCDH/GAMT/TECR/ILVBL/CYP4F12/ECH1/SARS2/CD320/D2HGDH/ADA/PDXK/PFKL/GCAT/ALDH1L1/ACAD11/HADH/GATB/HPGD/POR/FDFT1/NAPRT/PARP10/GPT/PTK2B/CRAT/ABCA2/ACER2/ACSL4/HSD17B10	63
5	5	GOBP_SULFUR_COMPOUND_BIOSYNTHETIC_PROCESS	GOBP_SULFUR_COMPOUND_BIOSYNTHETIC_PROCESS	11/234	24/1958	3.40924224003157e-05	0.0153607617244737	0.0151246994267904	ST3GAL4/PDHX/B3GAT3/ACACB/CSAD/MLYCD/ACSF3/PDK2/GCDH/TECR/ACSL4	11
5	5	GOBP_ORGANONITROGEN_COMPOUND_BIOSYNTHETIC_PROCESS	GOBP_ORGANONITROGEN_COMPOUND_BIOSYNTHETIC_PROCESS	47/234	227/1958	3.9691890760914e-05	0.0153607617244737	0.0151246994267904	NADK/FLVCR1/MRPL55/GUK1/PANK4/PANK1/ALG9/HMBS/ST3GAL4/MRPL23/PDHX/B3GAT3/NDUFV1/ACACB/YARS2/CSAD/CARS2/NUDT14/MRPS11/MRPL46/HAGH/CLN3/TRAP1/PIGQ/MLYCD/ACSF3/SLC25A39/PDK2/GCDH/GAMT/TECR/ILVBL/MRPL34/SARS2/DUS3L/ADA/PDXK/ASCC2/MRPS22/GATB/NSUN5/NAPRT/PARP10/PTK2B/ABCA2/ACER2/ACSL4	47
5	5	GOBP_SMALL_MOLECULE_CATABOLIC_PROCESS	GOBP_SMALL_MOLECULE_CATABOLIC_PROCESS	23/234	83/1958	5.20817935028188e-05	0.0155612344087608	0.015322091271512	PHYH/ACAD8/TKFC/ACACB/CSAD/ETFA/HAGH/MLYCD/ACSF3/ACADVL/GCDH/ILVBL/CYP4F12/ECH1/ADA/PFKL/GCAT/ALDH1L1/ACAD11/HADH/GPT/CRAT/HSD17B10	23
5	5	GOBP_ORGANIC_ACID_CATABOLIC_PROCESS	GOBP_ORGANIC_ACID_CATABOLIC_PROCESS	19/234	62/1958	5.36132107106314e-05	0.0155612344087608	0.015322091271512	PHYH/ACAD8/ACACB/CSAD/ETFA/MLYCD/ACSF3/ACADVL/GCDH/ILVBL/CYP4F12/ECH1/GCAT/ALDH1L1/ACAD11/HADH/GPT/CRAT/HSD17B10	19
1	1	GOBP_NUCLEOBASE_CONTAINING_SMALL_MOLECULE_METABOLIC_PROCESS	GOBP_NUCLEOBASE_CONTAINING_SMALL_MOLECULE_METABOLIC_PROCESS	41/399	123/1958	0.000349824866241959	0.0162264918726078	0.0153030675293294	SDHB/GUK1/ATP5IF1/PDHX/BAD/NDUFV1/TALDO1/SUCLA2/IDH2/ABCC6/NME3/NTHL1/MLST8/ATP6V0C/MVD/APRT/ACSF3/CTNS/ACLY/PDK2/ACSF2/RPTOR/ATP5F1D/NDUFS7/TECR/NDUFB7/SIRT6/PDK1/ACOT8/PFKL/TSPO/TYMP/PDHB/HMGCS1/HMGCR/IMPDH1/MDH2/SLC2A6/ACSL4/G6PD/PDHA1	41
1	1	REACTOME_RESPIRATORY_ELECTRON_TRANSPORT	REACTOME_RESPIRATORY_ELECTRON_TRANSPORT	12/399	22/1958	0.000385666218704801	0.0175514513116223	0.0165526255932686	SDHB/NDUFV1/ETFA/TRAP1/ECSIT/NDUFS7/NDUFB7/ETFB/SCO2/TIMMDC1/ETFDH/CYC1	12
4	4	GOBP_LIPID_BIOSYNTHETIC_PROCESS	GOBP_LIPID_BIOSYNTHETIC_PROCESS	37/317	128/1958	0.00012732691691012	0.0183875047655497	0.0175340596413689	MECR/ST3GAL4/NR1H3/TM7SF2/DHCR7/PNPLA2/ACACB/FAR2/TTC7B/MLST8/CLN3/DECR2/MVD/PEMT/DHRS11/ACLY/ACADVL/RPTOR/PCYT2/FASN/GPX4/APOE/IL1B/PECR/MOGAT1/ACOT8/PCK1/SLC25A1/GPAT3/GPER1/INSIG1/GPAA1/ASAH1/LPL/AGPAT2/ABCD1/G6PD	37
1	1	HALLMARK_MTORC1_SIGNALING	HALLMARK_MTORC1_SIGNALING	14/399	28/1958	0.000411986994920868	0.0184020857731321	0.0173548517743469	CACYBP/IDI1/HMBS/SC5D/TM7SF2/TMEM97/ACLY/FDXR/PDK1/PFKL/HMGCS1/HMGCR/G6PD/EBP	14
1	1	REACTOME_CHOLESTEROL_BIOSYNTHESIS	REACTOME_CHOLESTEROL_BIOSYNTHESIS	9/399	14/1958	0.000419774877324067	0.0184090364382845	0.0173614068879868	HSD17B7/IDI1/SC5D/TM7SF2/MVD/HMGCS1/HMGCR/ACAT2/EBP	9
4	4	REACTOME_FATTY_ACID_METABOLISM	REACTOME_FATTY_ACID_METABOLISM	19/317	50/1958	0.000136037492733404	0.0185540024811393	0.0176928294642743	SLC27A3/MECR/ACADM/ACACB/ACADS/DECR2/ACLY/ACADVL/FASN/GPX4/PECR/HADHA/ACOT8/SLC25A1/ACAD11/ACAA1/HADH/DECR1/ABCD1	19
1	1	GOMF_CATALYTIC_ACTIVITY_ACTING_ON_A_NUCLEIC_ACID	GOMF_CATALYTIC_ACTIVITY_ACTING_ON_A_NUCLEIC_ACID	24/399	61/1958	0.000433801794964295	0.0186844630259621	0.0176211593781549	DARS2/MGMT/POLD4/DDX54/DHX37/YARS2/NTHL1/CHTF8/MPG/MRM3/DUS1L/QTRT1/POLR2E/FARSA/MAP1S/DDX49/RUVBL2/TRMT2A/GATB/RAD50/DDX41/ZNHIT1/LACTB2/RCL1	24
5	5	GOMF_OXIDOREDUCTASE_ACTIVITY_ACTING_ON_THE_CH_CH_GROUP_OF_DONORS	GOMF_OXIDOREDUCTASE_ACTIVITY_ACTING_ON_THE_CH_CH_GROUP_OF_DONORS	10/234	22/1958	8.63985899716653e-05	0.0187762767617367	0.0184877252488744	MECR/ACAD8/DHCR7/ACADVL/DUS1L/GCDH/TECR/DUS3L/ACAD11/CRAT	10
5	5	GOBP_LIPID_MODIFICATION	GOBP_LIPID_MODIFICATION	15/234	44/1958	8.73814788641994e-05	0.0187762767617367	0.0184877252488744	PHYH/ST3GAL4/DGKZ/ACACB/ETFA/MLYCD/ACADVL/GCDH/ILVBL/ECH1/ACAD11/HADH/POR/CRAT/HSD17B10	15
5	5	GOCC_MITOCHONDRION	GOCC_MITOCHONDRION	56/234	295/1958	9.01901618147729e-05	0.0187762767617367	0.0184877252488744	TDRKH/FLVCR1/MRPL55/MECR/PHYH/ACAD8/MRPL23/PDHX/NDUFV1/UCP2/ACACB/YARS2/CARS2/RMDN3/ETFA/MRPS11/MRPL46/HAGH/TRAP1/RHOT2/MLYCD/ACSF3/ATPAF2/SLC25A39/PDK2/ACSF2/ACADVL/FDXR/SLC25A10/ECSIT/GCDH/MRPL34/THOP1/ECH1/SARS2/DMPK/TICAM1/TMEM143/LONP1/MAIP1/D2HGDH/TGM2/GCAT/ACAD11/MRPS22/UQCRC1/HADH/GATB/SLC25A4/TBRG4/POR/LACTB2/CRAT/ACSL4/CA5B/HSD17B10	56
5	5	GOBP_ORGANIC_ACID_METABOLIC_PROCESS	GOBP_ORGANIC_ACID_METABOLIC_PROCESS	38/234	176/1958	9.70350220244789e-05	0.0187762767617367	0.0184877252488744	MECR/PHYH/ACAD8/PDHX/NR1H3/UCP2/ACACB/YARS2/CSAD/CARS2/ETFA/HAGH/CLN3/MLYCD/ACSF3/PDK2/ACSF2/ACADVL/GCDH/GAMT/TECR/ILVBL/CYP4F12/ECH1/SARS2/D2HGDH/PFKL/GCAT/ALDH1L1/ACAD11/HADH/GATB/HPGD/POR/GPT/CRAT/ACSL4/HSD17B10	38
4	4	GOBP_CELLULAR_LIPID_METABOLIC_PROCESS	GOBP_CELLULAR_LIPID_METABOLIC_PROCESS	45/317	167/1958	0.000147753331257743	0.0190912856967241	0.0182051749981839	SLC27A3/MECR/ACADM/ST3GAL4/NR1H3/PNPLA2/ACACB/ACADS/GPD1/RDH5/DHRS4/TTC7B/CLN3/DECR2/CES2/MVD/PEMT/ACLY/PDK2/ACADVL/PCYT2/FASN/GPX4/ANGPTL8/CYP4F12/APOE/ETFB/IL1B/PDK1/PECR/MOGAT1/HADHA/ACOT8/PCK1/ACAD11/ACAA1/HADH/GPAT3/INSIG1/GPAA1/ASAH1/LPL/DECR1/AGPAT2/ABCD1	45
4	4	GOBP_CELLULAR_KETONE_METABOLIC_PROCESS	GOBP_CELLULAR_KETONE_METABOLIC_PROCESS	16/317	39/1958	0.000163188131471179	0.0200313431380872	0.0191016002311527	NR1H3/ACACB/GPD1/DHRS4/HAGH/CLN3/VKORC1/PDK2/ACADVL/CYP4F12/SIRT6/IL1B/PDK1/NQO2/INSIG1/ABCD1	16
4	4	GOBP_ORGANIC_ACID_BIOSYNTHETIC_PROCESS	GOBP_ORGANIC_ACID_BIOSYNTHETIC_PROCESS	19/317	51/1958	0.000185229802092655	0.021654245911308	0.0206491769350409	MECR/NR1H3/ACACB/CSAD/SUCLA2/CLN3/DECR2/SHMT1/ACLY/ACADVL/FASN/GPX4/IL1B/PECR/ACOT8/INSIG1/LPL/ASS1/ABCD1	19
4	4	GOMF_OXIDOREDUCTASE_ACTIVITY_ACTING_ON_THE_CH_CH_GROUP_OF_DONORS_NAD_OR_NADP_AS_ACCEPTOR	GOMF_OXIDOREDUCTASE_ACTIVITY_ACTING_ON_THE_CH_CH_GROUP_OF_DONORS_NAD_OR_NADP_AS_ACCEPTOR	7/317	10/1958	0.000211355840238092	0.0225599385993268	0.0215128324343029	MECR/TM7SF2/DHCR7/DECR2/FASN/PECR/DECR1	7
4	4	REACTOME_PLASMA_LIPOPROTEIN_REMODELING	REACTOME_PLASMA_LIPOPROTEIN_REMODELING	7/317	10/1958	0.000211355840238092	0.0225599385993268	0.0215128324343029	FURIN/ANGPTL8/APOE/ANGPTL4/LMF2/CIDEC/LPL	7
5	5	GOBP_ORGANOPHOSPHATE_BIOSYNTHETIC_PROCESS	GOBP_ORGANOPHOSPHATE_BIOSYNTHETIC_PROCESS	25/234	99/1958	0.000131432657541681	0.0227219670412292	0.0223727786452467	NADK/GUK1/PANK4/PANK1/PDHX/DGKZ/PITPNM1/NDUFV1/ACACB/TTC7B/CLN3/PIGQ/MLYCD/MVD/ACSF3/PDK2/GCDH/TECR/ADA/PDXK/NAPRT/PARP10/PTK2B/ABCA2/ACSL4	25
5	5	GOMF_FLAVIN_ADENINE_DINUCLEOTIDE_BINDING	GOMF_FLAVIN_ADENINE_DINUCLEOTIDE_BINDING	10/234	23/1958	0.000136997217302846	0.0227219670412292	0.0223727786452467	ACAD8/ETFA/ACADVL/DUS1L/GCDH/ILVBL/DUS3L/D2HGDH/ACAD11/POR	10
4	4	GOBP_GENERATION_OF_PRECURSOR_METABOLITES_AND_ENERGY	GOBP_GENERATION_OF_PRECURSOR_METABOLITES_AND_ENERGY	28/317	90/1958	0.000230223714065295	0.0227506271087275	0.0216946702496773	ALDH4A1/ACADM/NDUFV1/TALDO1/COX6A1/GPD1/PPP1R1A/SUCLA2/MLST8/ACLY/ACADVL/GAA/RPTOR/ATP5F1D/NDUFB7/SIRT6/GIPR/NOP53/ETFB/CHCHD5/SLC25A18/ALDH1L1/NDUFS6/NQO2/ME1/ABCD1/G6PD/PFKFB1	28
4	4	GOBP_ORGANOPHOSPHATE_BIOSYNTHETIC_PROCESS	GOBP_ORGANOPHOSPHATE_BIOSYNTHETIC_PROCESS	30/317	99/1958	0.000231676447135718	0.0227506271087275	0.0216946702496773	GUK1/PANK1/NDUFV1/ACACB/CKB/TTC7B/NME3/CLN3/MVD/PEMT/SHMT1/ACLY/PDK2/PCYT2/ATP5F1D/NDUFB7/PDK1/DTYMK/UCKL1/PDXK/SLC25A1/GPAT3/NDUFS6/CKMT2/ME1/GPER1/NAPRT/GPAA1/AGPAT2/G6PD	30
1	1	WP_P53_TRANSCRIPTIONAL_GENE_NETWORK	WP_P53_TRANSCRIPTIONAL_GENE_NETWORK	10/399	17/1958	0.00054338273810011	0.0229936695490783	0.0216851356793045	ISG15/ALDH4A1/MGMT/SIVA1/TSC2/MLST8/RPTOR/SCO2/ACAD11/GPX1	10
1	1	GOBP_ORGANIC_ACID_CATABOLIC_PROCESS	GOBP_ORGANIC_ACID_CATABOLIC_PROCESS	24/399	62/1958	0.000576225536267074	0.023963034370279	0.0225993354604927	ALDH4A1/ACADM/ACAD8/ETFA/MTHFS/ACSF3/ACADVL/ACAA2/ILVBL/ECH1/BCKDHA/ETFB/HADHB/ACOT8/TST/GCAT/ACAD11/PCCB/ACAA1/HADH/ETFDH/ACAT2/DECR1/CRAT	24
1	1	GOBP_RIBOSE_PHOSPHATE_BIOSYNTHETIC_PROCESS	GOBP_RIBOSE_PHOSPHATE_BIOSYNTHETIC_PROCESS	19/399	45/1958	0.000617403218321284	0.0247408484550207	0.0233328853588634	SDHB/PDHX/NDUFV1/NME3/ATP6V0C/APRT/ACSF3/ACLY/PDK2/ATP5F1D/NDUFS7/TECR/NDUFB7/PDK1/PDHB/IMPDH1/ACSL4/G6PD/PDHA1	19
1	1	GOMF_OXIDOREDUCTASE_ACTIVITY_ACTING_ON_CH_OH_GROUP_OF_DONORS	GOMF_OXIDOREDUCTASE_ACTIVITY_ACTING_ON_CH_OH_GROUP_OF_DONORS	15/399	32/1958	0.000619573571416799	0.0247408484550207	0.0233328853588634	HSD17B7/RDH5/L2HGDH/IDH2/FASN/HADHB/KCNAB1/HADH/HMGCR/IMPDH1/AKR1B1/MDH2/GRHPR/IDH3G/G6PD	15
1	1	GOMF_4_IRON_4_SULFUR_CLUSTER_BINDING	GOMF_4_IRON_4_SULFUR_CLUSTER_BINDING	8/399	12/1958	0.000636420184601865	0.0247408484550207	0.0233328853588634	SDHB/NDUFV1/NUBP2/NTHL1/NDUFS7/NFU1/ACO2/ETFDH	8
1	1	REACTOME_MITOCHONDRIAL_PROTEIN_IMPORT	REACTOME_MITOCHONDRIAL_PROTEIN_IMPORT	8/399	12/1958	0.000636420184601865	0.0247408484550207	0.0233328853588634	TIMM13/TIMM44/CHCHD5/ACO2/CYC1/SLC25A6/IDH3G/CMC4	8
1	1	REACTOME_METABOLISM_OF_STEROIDS	REACTOME_METABOLISM_OF_STEROIDS	14/399	29/1958	0.000650807190726141	0.0247408484550207	0.0233328853588634	HSD17B7/IDI1/SC5D/TM7SF2/MVD/FDXR/FASN/ACOT8/TSPO/HMGCS1/HMGCR/ACAT2/AKR1B1/EBP	14
1	1	GOBP_STEROL_BIOSYNTHETIC_PROCESS	GOBP_STEROL_BIOSYNTHETIC_PROCESS	12/399	23/1958	0.000659939685853796	0.0247408484550207	0.0233328853588634	HSD17B7/IDI1/SC5D/TM7SF2/MVD/ACLY/ACAA2/HMGCS1/HMGCR/ABCA2/G6PD/EBP	12
1	1	REACTOME_RESPIRATORY_ELECTRON_TRANSPORT_ATP_SYNTHESIS_BY_CHEMIOSMOTIC_COUPLING_AND_HEAT_PRODUCTION_BY_UNCOUPLING_PROTEINS	REACTOME_RESPIRATORY_ELECTRON_TRANSPORT_ATP_SYNTHESIS_BY_CHEMIOSMOTIC_COUPLING_AND_HEAT_PRODUCTION_BY_UNCOUPLING_PROTEINS	13/399	26/1958	0.000666730990703293	0.0247408484550207	0.0233328853588634	SDHB/NDUFV1/ETFA/TRAP1/ECSIT/ATP5F1D/NDUFS7/NDUFB7/ETFB/SCO2/TIMMDC1/ETFDH/CYC1	13
5	5	GOBP_LIPID_OXIDATION	GOBP_LIPID_OXIDATION	13/234	37/1958	0.000185634711748539	0.0276451968919775	0.0272203489049254	PHYH/ACACB/ETFA/MLYCD/ACADVL/GCDH/ILVBL/ECH1/ACAD11/HADH/POR/CRAT/HSD17B10	13
5	5	GOBP_THIOESTER_BIOSYNTHETIC_PROCESS	GOBP_THIOESTER_BIOSYNTHETIC_PROCESS	8/234	16/1958	0.000202398082327139	0.0276451968919775	0.0272203489049254	PDHX/ACACB/MLYCD/ACSF3/PDK2/GCDH/TECR/ACSL4	8
5	5	GOMF_CATALYTIC_ACTIVITY_ACTING_ON_A_TRNA	GOMF_CATALYTIC_ACTIVITY_ACTING_ON_A_TRNA	8/234	16/1958	0.000202398082327139	0.0276451968919775	0.0272203489049254	TRPT1/YARS2/CARS2/DUS1L/SARS2/DUS3L/TRMT2A/GATB	8
1	1	GOBP_FATTY_ACID_CATABOLIC_PROCESS	GOBP_FATTY_ACID_CATABOLIC_PROCESS	17/399	39/1958	0.00077085597694802	0.0277508151701287	0.0261715595629956	ACADM/ETFA/ACADVL/ACAA2/ILVBL/ECH1/ETFB/HADHB/ACOT8/ACAD11/PCCB/ACAA1/HADH/ETFDH/ACAT2/DECR1/CRAT	17
1	1	GOBP_STEROID_BIOSYNTHETIC_PROCESS	GOBP_STEROID_BIOSYNTHETIC_PROCESS	17/399	39/1958	0.00077085597694802	0.0277508151701287	0.0261715595629956	HSD17B7/IDI1/SC5D/TM7SF2/MVD/ACLY/FDXR/ACAA2/ACOT8/TSPO/HMGCS1/HMGCR/AKR1B1/ASAH1/ABCA2/G6PD/EBP	17
5	5	GOBP_TRNA_METABOLIC_PROCESS	GOBP_TRNA_METABOLIC_PROCESS	9/234	20/1958	0.000218917153068236	0.0282403127458024	0.0278063190914741	TRPT1/YARS2/CARS2/DUS1L/SARS2/DUS3L/TRMT2A/GATB/HSD17B10	9
2	2	GOMF_OXIDOREDUCTASE_ACTIVITY	GOMF_OXIDOREDUCTASE_ACTIVITY	30/197	137/1958	1.57776051469534e-05	0.0285058180778692	0.0276785464268144	HSD17B7/ALDH4A1/EGLN1/MECR/ACADM/SC5D/ACAD8/NDUFS8/FAR2/GPD1/L2HGDH/MSRB1/DECR2/ACADVL/GPX4/PRDX2/GCDH/NDUFS7/BCKDHA/ETFB/SELENOM/ACAD11/ACAA1/HMGCR/SOD2/NQO2/AKR1B1/CYC1/DECR1/HSDL2	30
2	2	HALLMARK_OXIDATIVE_PHOSPHORYLATION	HALLMARK_OXIDATIVE_PHOSPHORYLATION	17/197	58/1958	2.66409514746441e-05	0.0285058180778692	0.0276785464268144	ATP6V0B/ACADM/CASP7/NDUFS8/TCIRG1/RHOT2/ACADVL/GPX4/ATP5F1D/NDUFS7/BCKDHA/ETFB/ACAA1/SLC25A20/NQO2/CYC1/DECR1	17
2	2	GOCC_MICROBODY	GOCC_MICROBODY	13/197	38/1958	4.09577904879185e-05	0.0292165572147152	0.0283686590958425	PEX19/PEX16/FAR2/DECR2/MIEF2/MIEF1/ACAD11/ACAA1/TKT/ISOC1/HMGCR/HSDL2/ACSL4	13
1	1	GOBP_CARBOHYDRATE_DERIVATIVE_METABOLIC_PROCESS	GOBP_CARBOHYDRATE_DERIVATIVE_METABOLIC_PROCESS	52/399	172/1958	0.000859576448716975	0.0301415080643966	0.0284262018535224	SDHB/GUK1/ATP5IF1/PFKFB3/ST3GAL4/PDHX/CD44/TKFC/BAD/NDUFV1/TALDO1/SUCLA2/ABCC6/NME3/NTHL1/MLST8/ATP6V0C/PIGQ/MVD/APRT/ACSF3/CTNS/ACLY/PDK2/ACSF2/RPTOR/ATP5F1D/NDUFS7/TECR/NDUFB7/SIRT6/AP2A1/PDK1/ACOT8/PFKL/TSPO/TYMP/PDHB/B4GALT7/EGFLAM/HMGCS1/HMGCR/IMPDH1/AKR1B1/GPAA1/ST6GALNAC4/SLC2A6/ABCA2/ACSL4/G6PD/PDHA1/GK	52
1	1	GOMF_OXIDOREDUCTASE_ACTIVITY_ACTING_ON_THE_ALDEHYDE_OR_OXO_GROUP_OF_DONORS	GOMF_OXIDOREDUCTASE_ACTIVITY_ACTING_ON_THE_ALDEHYDE_OR_OXO_GROUP_OF_DONORS	9/399	15/1958	0.000862257071493933	0.0301415080643966	0.0284262018535224	ALDH9A1/ALDH4A1/PDHX/BCKDHA/ALDH16A1/PDHB/AKR1B1/ALDH1B1/PDHA1	9
4	4	GOBP_MONOCARBOXYLIC_ACID_CATABOLIC_PROCESS	GOBP_MONOCARBOXYLIC_ACID_CATABOLIC_PROCESS	16/317	41/1958	0.000326091972381992	0.0307906073922227	0.0293614796185243	ACADM/ACACB/ACADS/DECR2/LDHD/ACADVL/CYP4F12/ETFB/HADHA/ACOT8/PCK1/ACAD11/ACAA1/HADH/DECR1/ABCD1	16
2	2	REACTOME_METABOLISM_OF_LIPIDS	REACTOME_METABOLISM_OF_LIPIDS	28/197	132/1958	5.85109899654267e-05	0.0313033796315033	0.0303949195241453	SLC27A3/HSD17B7/MECR/ACADM/SC5D/PNPLA2/FAR2/GPD1/DECR2/PEMT/ACLY/ACADVL/PCYT2/GPX4/TSPO/CHKB/MGLL/ACAD11/ACAA1/ABHD5/SLC25A20/HMGCR/AKR1B1/INSIG1/FDFT1/DECR1/ACSL4/GK	28
1	1	GOBP_PIGMENT_BIOSYNTHETIC_PROCESS	GOBP_PIGMENT_BIOSYNTHETIC_PROCESS	7/399	10/1958	0.000941670386082085	0.0319902672004224	0.03016975099071	FLVCR1/ATP5IF1/HMBS/CTNS/SLC25A39/ABCB6/TSPO	7
1	1	REACTOME_PYRUVATE_METABOLISM	REACTOME_PYRUVATE_METABOLISM	7/399	10/1958	0.000941670386082085	0.0319902672004224	0.03016975099071	PDHX/HAGH/PDK2/BSG/PDK1/PDHB/PDHA1	7
4	4	GOBP_FATTY_ACID_BETA_OXIDATION	GOBP_FATTY_ACID_BETA_OXIDATION	13/317	30/1958	0.000358796828593405	0.0326239338591411	0.0311097133252137	ACADM/ACACB/ACADS/DECR2/ACADVL/ETFB/HADHA/ACOT8/ACAD11/ACAA1/HADH/DECR1/ABCD1	13
1	1	GOCC_PIGMENT_GRANULE	GOCC_PIGMENT_GRANULE	10/399	18/1958	0.00100311570097016	0.0336043759825005	0.0316920033595983	CTSD/SERPINF1/CTNS/RAB5C/FASN/BSG/ABCB6/AHCY/SYNGR1/STOM	10
1	1	GOBP_STEROID_METABOLIC_PROCESS	GOBP_STEROID_METABOLIC_PROCESS	22/399	57/1958	0.00102352949560339	0.0338185362108957	0.0318939760634309	HSD17B7/IDI1/SC5D/TM7SF2/SCARB1/RDH5/MVD/ACLY/ACADVL/FDXR/ACAA2/LIPE/ACOT8/TSPO/ACAA1/HMGCS1/HMGCR/AKR1B1/ASAH1/ABCA2/G6PD/EBP	22
1	1	HALLMARK_HEME_METABOLISM	HALLMARK_HEME_METABOLISM	11/399	21/1958	0.00106993610581878	0.0342914146471471	0.0323399437254451	HMBS/HAGH/PIGQ/CTNS/SLC66A2/BLVRB/BSG/ABCB6/RBM38/CCND3/RCL1	11
1	1	WP_FATTY_ACID_BETAOXIDATION	WP_FATTY_ACID_BETAOXIDATION	11/399	21/1958	0.00106993610581878	0.0342914146471471	0.0323399437254451	ACADM/ACADVL/LIPE/HADHB/CHKB/SLC25A20/HADH/DECR1/CRAT/ACSL4/GK	11
1	1	REACTOME_MITOCHONDRIAL_TRANSLATION	REACTOME_MITOCHONDRIAL_TRANSLATION	12/399	24/1958	0.00108049233548225	0.0342914146471471	0.0323399437254451	AURKAIP1/MRPL55/CHCHD1/MRPL16/TUFM/MRPL28/MRPL4/MRPS12/MRPS22/GFM2/MRPS18A/MRPS28	12
5	5	GOMF_PURINE_NUCLEOTIDE_BINDING	GOMF_PURINE_NUCLEOTIDE_BINDING	50/234	265/1958	0.000281122056029282	0.0343560744263154	0.0338280944983712	ATP13A2/NADK/GUK1/PANK4/PANK1/DGKZ/TKFC/NDUFV1/DHCR7/ACACB/DDX54/YARS2/CARS2/CSK/CLCN7/ABCC6/SRCAP/TRAP1/RHOT2/MVD/ACSF3/MYO1C/RAB5C/PDK2/ACSF2/ACADVL/GCDH/DDX49/SARS2/MAP3K10/DMPK/RUVBL2/LONP1/ACTG2/TGM2/SGK2/PDXK/PFKL/MYLK/KCNAB1/TNK2/HADH/GATB/HPGD/SLC22A5/SIL1/POR/PTK2B/ABCA2/ACSL4	50
5	5	GOBP_ORGANOPHOSPHATE_METABOLIC_PROCESS	GOBP_ORGANOPHOSPHATE_METABOLIC_PROCESS	37/234	179/1958	0.000316593171238726	0.0367564671808161	0.0361915983121323	NADK/GUK1/PANK4/PANK1/PDHX/DGKZ/NR1H3/TKFC/PITPNM1/NDUFV1/UCP2/TALDO1/ACACB/NUDT14/TTC7B/ABCC6/CLN3/PIGQ/MLYCD/MVD/ACSF3/PDK2/ACSF2/GCDH/TECR/PNPLA6/ADA/PDXK/PFKL/ALDH1L1/PLCD1/FDFT1/NAPRT/PARP10/PTK2B/ABCA2/ACSL4	37
5	5	GOBP_FATTY_ACID_CATABOLIC_PROCESS	GOBP_FATTY_ACID_CATABOLIC_PROCESS	13/234	39/1958	0.000339152651062454	0.0374016882369233	0.0368269036903746	PHYH/ACACB/ETFA/MLYCD/ACADVL/GCDH/ILVBL/CYP4F12/ECH1/ACAD11/HADH/CRAT/HSD17B10	13
5	5	GOBP_CELLULAR_LIPID_METABOLIC_PROCESS	GOBP_CELLULAR_LIPID_METABOLIC_PROCESS	35/234	167/1958	0.000354365693889885	0.0374016882369233	0.0368269036903746	MECR/PHYH/ALG9/ST3GAL4/DGKZ/NR1H3/PITPNM1/ACACB/TTC7B/ETFA/CLN3/PIGQ/MLYCD/MVD/ACSF3/PDK2/ACSF2/ACADVL/GCDH/TECR/ILVBL/CYP4F12/ECH1/PNPLA6/ACAD11/PLCD1/HADH/HPGD/POR/FDFT1/CRAT/ABCA2/ACER2/ACSL4/HSD17B10	35
1	1	GOBP_LIPID_OXIDATION	GOBP_LIPID_OXIDATION	16/399	37/1958	0.00122328932029407	0.0378278697506319	0.0356751446849593	ACADM/ETFA/ACADVL/ACAA2/ILVBL/ECH1/ETFB/HADHB/ACOT8/ACAD11/ACAA1/HADH/ETFDH/ACAT2/DECR1/CRAT	16
1	1	GOBP_STEROL_METABOLIC_PROCESS	GOBP_STEROL_METABOLIC_PROCESS	16/399	37/1958	0.00122328932029407	0.0378278697506319	0.0356751446849593	HSD17B7/IDI1/SC5D/TM7SF2/SCARB1/MVD/ACLY/ACADVL/FDXR/ACAA2/LIPE/HMGCS1/HMGCR/ABCA2/G6PD/EBP	16
2	2	WP_FATTY_ACID_BETAOXIDATION	WP_FATTY_ACID_BETAOXIDATION	9/197	21/1958	8.86767500154055e-05	0.0379536490065935	0.0368521904274548	ACADM/PNPLA2/ACADVL/GCDH/CHKB/SLC25A20/DECR1/ACSL4/GK	9
1	1	GOBP_SULFUR_COMPOUND_METABOLIC_PROCESS	GOBP_SULFUR_COMPOUND_METABOLIC_PROCESS	22/399	58/1958	0.00134338622389306	0.0391265451809886	0.036899914522177	ST3GAL4/PDHX/GSTP1/SUCLA2/NUBP2/MVD/ACSF3/ACLY/PDK2/ACSF2/SLC25A10/TECR/PDK1/NFU1/AHCY/ACOT8/TST/PDHB/EGFLAM/HMGCS1/ACSL4/PDHA1	22
1	1	GOBP_AEROBIC_RESPIRATION	GOBP_AEROBIC_RESPIRATION	15/399	34/1958	0.00135608554133798	0.0391265451809886	0.036899914522177	SDHB/NDUFV1/SUCLA2/IDH2/ACLY/ATP5F1D/NDUFS7/NDUFB7/NOP53/ACO2/PDHB/MDH2/CYC1/IDH3G/PDHA1	15
1	1	REACTOME_PROTEIN_LOCALIZATION	REACTOME_PROTEIN_LOCALIZATION	15/399	34/1958	0.00135608554133798	0.0391265451809886	0.036899914522177	PEX19/PEX16/VAMP2/TIMM13/ECH1/TIMM44/CHCHD5/ACOT8/ACO2/ACAA1/CYC1/CRAT/SLC25A6/IDH3G/CMC4	15
1	1	GOBP_PIGMENT_METABOLIC_PROCESS	GOBP_PIGMENT_METABOLIC_PROCESS	8/399	13/1958	0.00136261600132796	0.0391265451809886	0.036899914522177	FLVCR1/ATP5IF1/HMBS/CTNS/SLC25A39/BLVRB/ABCB6/TSPO	8
1	1	GOBP_REGULATION_OF_MITOCHONDRIAL_MEMBRANE_PERMEABILITY	GOBP_REGULATION_OF_MITOCHONDRIAL_MEMBRANE_PERMEABILITY	8/399	13/1958	0.00136261600132796	0.0391265451809886	0.036899914522177	ATP5IF1/BAD/HIP1R/RHOT2/ACAA2/ALKBH7/SLC25A5/SLC25A6	8
1	1	WP_STEROL_REGULATORY_ELEMENTBINDING_PROTEINS_SREBP_SIGNALING	WP_STEROL_REGULATORY_ELEMENTBINDING_PROTEINS_SREBP_SIGNALING	8/399	13/1958	0.00136261600132796	0.0391265451809886	0.036899914522177	IDI1/SCARB1/MVD/ACLY/FASN/NR1H2/HMGCS1/HMGCR	8
4	4	GOBP_CARBOHYDRATE_METABOLIC_PROCESS	GOBP_CARBOHYDRATE_METABOLIC_PROCESS	29/317	98/1958	0.000463860330290405	0.040670611102248	0.0387829088182655	GALE/ACADM/PFKFB3/ST3GAL4/B3GAT3/BAD/TALDO1/ACACB/OAS1/GPD1/PPP1R1A/GNPTG/MLST8/G6PC3/PDK2/GAA/RPTOR/SLC25A10/SIRT6/PDK1/MOGAT1/PCK1/SLC25A1/GLYCTK/B4GALT7/ME1/GPER1/G6PD/PFKFB1	29
5	5	GOBP_NUCLEOSIDE_PHOSPHATE_BIOSYNTHETIC_PROCESS	GOBP_NUCLEOSIDE_PHOSPHATE_BIOSYNTHETIC_PROCESS	16/234	55/1958	0.000416740441360189	0.0415564560424198	0.0409178215350359	NADK/GUK1/PANK4/PANK1/PDHX/NDUFV1/ACACB/MLYCD/ACSF3/PDK2/GCDH/TECR/ADA/NAPRT/PARP10/ACSL4	16
5	5	GOBP_NUCLEOSIDE_BISPHOSPHATE_METABOLIC_PROCESS	GOBP_NUCLEOSIDE_BISPHOSPHATE_METABOLIC_PROCESS	12/234	35/1958	0.000429524093461703	0.0415564560424198	0.0409178215350359	PANK4/PANK1/PDHX/ACACB/MLYCD/MVD/ACSF3/PDK2/ACSF2/GCDH/TECR/ACSL4	12
1	1	GOBP_THIOESTER_METABOLIC_PROCESS	GOBP_THIOESTER_METABOLIC_PROCESS	14/399	31/1958	0.00148659869225073	0.0416939075082415	0.0393211722638169	PDHX/SUCLA2/MVD/ACSF3/ACLY/PDK2/ACSF2/TECR/PDK1/ACOT8/PDHB/HMGCS1/ACSL4/PDHA1	14
1	1	GOMF_ACYLTRANSFERASE_ACTIVITY	GOMF_ACYLTRANSFERASE_ACTIVITY	14/399	31/1958	0.00148659869225073	0.0416939075082415	0.0393211722638169	PDHX/PLAAT3/ACLY/FASN/ACAA2/SIRT6/HADHB/QPCT/GCAT/ACAA1/ABHD5/HMGCS1/ACAT2/CRAT	14
1	1	GOBP_MONOCARBOXYLIC_ACID_CATABOLIC_PROCESS	GOBP_MONOCARBOXYLIC_ACID_CATABOLIC_PROCESS	17/399	41/1958	0.00152498891574796	0.0422790030434951	0.039872970924759	ACADM/ETFA/ACADVL/ACAA2/ILVBL/ECH1/ETFB/HADHB/ACOT8/ACAD11/PCCB/ACAA1/HADH/ETFDH/ACAT2/DECR1/CRAT	17
1	1	GOBP_THIOESTER_BIOSYNTHETIC_PROCESS	GOBP_THIOESTER_BIOSYNTHETIC_PROCESS	9/399	16/1958	0.00162011478145548	0.043419076143007	0.0409481642424012	PDHX/ACSF3/ACLY/PDK2/TECR/PDK1/PDHB/ACSL4/PDHA1	9
1	1	GOCC_AZUROPHIL_GRANULE	GOCC_AZUROPHIL_GRANULE	9/399	16/1958	0.00162011478145548	0.043419076143007	0.0409481642424012	ATP6V0C/ACLY/RAB5C/GAA/SYNGR1/SLCO4C1/IMPDH1/STOM/DPP7	9
1	1	KEGG_PYRUVATE_METABOLISM	KEGG_PYRUVATE_METABOLISM	9/399	16/1958	0.00162011478145548	0.043419076143007	0.0409481642424012	ALDH9A1/HAGH/PDHB/ACAT2/AKR1B1/MDH2/GRHPR/ALDH1B1/PDHA1	9
5	5	GOBP_FATTY_ACID_METABOLIC_PROCESS	GOBP_FATTY_ACID_METABOLIC_PROCESS	22/234	89/1958	0.000471941722726931	0.0438339472068773	0.0431603124952797	MECR/PHYH/NR1H3/ACACB/ETFA/MLYCD/ACSF3/PDK2/ACSF2/ACADVL/GCDH/TECR/ILVBL/CYP4F12/ECH1/ACAD11/HADH/HPGD/POR/CRAT/ACSL4/HSD17B10	22
1	1	WP_CHOLESTEROL_METABOLISM	WP_CHOLESTEROL_METABOLISM	12/399	25/1958	0.00170153595871848	0.0450814338710812	0.0425159197850251	HSD17B7/IDI1/SC5D/TM7SF2/SCARB1/MVD/TSPO/LRPAP1/HMGCS1/HMGCR/ACAT2/EBP	12
1	1	GOCC_MICROBODY	GOCC_MICROBODY	16/399	38/1958	0.0017253030567526	0.0450814338710812	0.0425159197850251	PEX19/IDI1/PEX16/PLAAT3/IDH2/MVD/ECH1/ACOT8/MIEF1/ACAD11/ACAA1/ISOC1/HMGCR/CRAT/GRHPR/ACSL4	16
1	1	KEGG_FATTY_ACID_METABOLISM	KEGG_FATTY_ACID_METABOLISM	10/399	19/1958	0.00173821449005413	0.0450814338710812	0.0425159197850251	ALDH9A1/ACADM/ACADVL/ACAA2/HADHB/ACAA1/HADH/ACAT2/ALDH1B1/ACSL4	10
1	1	GOBP_LIPID_BIOSYNTHETIC_PROCESS	GOBP_LIPID_BIOSYNTHETIC_PROCESS	40/399	128/1958	0.00176559869810285	0.0453045112747243	0.0427263022015708	HSD17B7/IDI1/SC5D/ST3GAL4/NR1H3/PLAAT3/TM7SF2/GSTP1/SCARB1/MLST8/CLN3/PIGQ/MVD/ACSF3/PEMT/ACLY/ACADVL/FDXR/RPTOR/FASN/ACAA2/GPX4/TECR/SLC27A1/NR1H2/ACOT8/TSPO/CHKB/ABHD5/HMGCS1/HMGCR/AKR1B1/GPAA1/ASAH1/ST6GALNAC4/ABCA2/ACSL4/G6PD/GK/EBP	40
4	4	GOBP_ORGANONITROGEN_COMPOUND_BIOSYNTHETIC_PROCESS	GOBP_ORGANONITROGEN_COMPOUND_BIOSYNTHETIC_PROCESS	55/317	227/1958	0.000559015006451555	0.045893703220708	0.0437635742149661	DARS2/MRPL55/GUK1/ACADM/PANK1/HMBS/ST3GAL4/MRPL23/BBOX1/B3GAT3/FAU/NDUFV1/RPLP2/ACACB/CSAD/ZNF385A/SUCLA2/CKB/FURIN/NME3/HAGH/CLN3/PEMT/SHMT1/ACLY/SLC25A39/PDK2/BCL2/ATP5F1D/RPS15/NDUFB7/MKNK2/SARS2/EEF2/APOE/RPL13A/IL1B/PDK1/DTYMK/ACOT8/MTG2/UCKL1/PDXK/SLC25A1/ASCC2/B4GALT7/NDUFS6/CKMT2/NAPRT/GPAA1/ASAH1/MRPS28/ASS1/MRPL41/PGRMC1	55
4	4	GOCC_MITOCHONDRIAL_MATRIX	GOCC_MITOCHONDRIAL_MATRIX	33/317	118/1958	0.000591903505954962	0.045893703220708	0.0437635742149661	DARS2/ALDH4A1/MRPL55/MECR/ACADM/ACAD8/MRPL23/PRDX5/MTERF2/MMAB/ACADS/SUCLA2/FAHD1/HAGH/GPT2/PDK2/ACADVL/MRM3/ATP5F1D/SARS2/BCKDHA/ETFB/TIMM44/PDK1/HADHA/MTG2/MPST/HADH/TBRG4/MRPS28/DECR1/MRPL41/CA5B	33
4	4	GOBP_MONOSACCHARIDE_METABOLIC_PROCESS	GOBP_MONOSACCHARIDE_METABOLIC_PROCESS	18/317	51/1958	0.000594338114012274	0.045893703220708	0.0437635742149661	GALE/ACADM/PFKFB3/BAD/ACACB/OAS1/GPD1/G6PC3/PDK2/GAA/SLC25A10/SIRT6/PDK1/PCK1/SLC25A1/GLYCTK/G6PD/PFKFB1	18
4	4	GOBP_FATTY_ACID_CATABOLIC_PROCESS	GOBP_FATTY_ACID_CATABOLIC_PROCESS	15/317	39/1958	0.000603878829150372	0.045893703220708	0.0437635742149661	ACADM/ACACB/ACADS/DECR2/ACADVL/CYP4F12/ETFB/HADHA/ACOT8/PCK1/ACAD11/ACAA1/HADH/DECR1/ABCD1	15
4	4	GOBP_NUCLEOBASE_CONTAINING_SMALL_MOLECULE_METABOLIC_PROCESS	GOBP_NUCLEOBASE_CONTAINING_SMALL_MOLECULE_METABOLIC_PROCESS	34/317	123/1958	0.00061690110235575	0.045893703220708	0.0437635742149661	GUK1/PANK1/BAD/NDUFV1/TALDO1/ACACB/FAR2/GPD1/SUCLA2/NME3/NTHL1/MLST8/MVD/SHMT1/CTNS/ACLY/PDK2/RPTOR/ATP5F1D/NDUFB7/SIRT6/PDK1/DTYMK/ENTPD6/ACOT8/UCKL1/SLC25A1/ALDH1L1/NDUFS6/ME1/NAPRT/ABCD1/G6PD/PFKFB1	34
2	2	GOMF_OXIDOREDUCTASE_ACTIVITY_ACTING_ON_THE_CH_CH_GROUP_OF_DONORS	GOMF_OXIDOREDUCTASE_ACTIVITY_ACTING_ON_THE_CH_CH_GROUP_OF_DONORS	9/197	22/1958	0.000137132486437923	0.0489105868295258	0.0474911453032386	MECR/ACADM/ACAD8/DECR2/ACADVL/GCDH/ACAD11/ACAA1/DECR1	9
1	1	GOBP_NUCLEOSIDE_BISPHOSPHATE_METABOLIC_PROCESS	GOBP_NUCLEOSIDE_BISPHOSPHATE_METABOLIC_PROCESS	15/399	35/1958	0.00193900750467684	0.0492303800134793	0.0464287558737579	PDHX/SUCLA2/MVD/ACSF3/ACLY/PDK2/ACSF2/TECR/PDK1/ACOT8/PDHB/HMGCS1/HMGCR/ACSL4/PDHA1	15
